-- phpMyAdmin SQL Dump
-- version 5.2.1
-- https://www.phpmyadmin.net/
--
-- Host: 127.0.0.1
-- Generation Time: Nov 04, 2024 at 12:42 AM
-- Server version: 10.4.28-MariaDB
-- PHP Version: 8.0.28

SET SQL_MODE = "NO_AUTO_VALUE_ON_ZERO";
START TRANSACTION;
SET time_zone = "+00:00";


/*!40101 SET @OLD_CHARACTER_SET_CLIENT=@@CHARACTER_SET_CLIENT */;
/*!40101 SET @OLD_CHARACTER_SET_RESULTS=@@CHARACTER_SET_RESULTS */;
/*!40101 SET @OLD_COLLATION_CONNECTION=@@COLLATION_CONNECTION */;
/*!40101 SET NAMES utf8mb4 */;

--
-- Database: `alphaware`
--
CREATE DATABASE IF NOT EXISTS `alphaware` DEFAULT CHARACTER SET utf8mb4 COLLATE utf8mb4_general_ci;
USE `alphaware`;

-- --------------------------------------------------------

--
-- Table structure for table `admin`
--

CREATE TABLE `admin` (
  `adminid` int(11) NOT NULL,
  `username` varchar(20) NOT NULL,
  `password` varchar(20) NOT NULL
) ENGINE=InnoDB DEFAULT CHARSET=latin1 COLLATE=latin1_swedish_ci;

--
-- Dumping data for table `admin`
--

INSERT INTO `admin` (`adminid`, `username`, `password`) VALUES
(1, 'admin', 'admin');

-- --------------------------------------------------------

--
-- Table structure for table `contact`
--

CREATE TABLE `contact` (
  `contact_id` int(11) NOT NULL,
  `email` varchar(50) NOT NULL,
  `message` varchar(1000) NOT NULL
) ENGINE=InnoDB DEFAULT CHARSET=latin1 COLLATE=latin1_swedish_ci;

--
-- Dumping data for table `contact`
--

INSERT INTO `contact` (`contact_id`, `email`, `message`) VALUES
(1, '', ''),
(2, '', ''),
(3, '', '');

-- --------------------------------------------------------

--
-- Table structure for table `customer`
--

CREATE TABLE `customer` (
  `customerid` int(11) NOT NULL,
  `firstname` varchar(50) NOT NULL,
  `mi` varchar(1) NOT NULL,
  `lastname` varchar(50) NOT NULL,
  `address` varchar(100) NOT NULL,
  `country` varchar(50) NOT NULL,
  `zipcode` varchar(20) NOT NULL,
  `mobile` varchar(20) NOT NULL,
  `telephone` varchar(20) NOT NULL,
  `email` varchar(50) NOT NULL,
  `password` varchar(50) NOT NULL
) ENGINE=InnoDB DEFAULT CHARSET=latin1 COLLATE=latin1_swedish_ci;

-- --------------------------------------------------------

--
-- Table structure for table `product`
--

CREATE TABLE `product` (
  `product_id` int(11) NOT NULL,
  `product_name` varchar(50) NOT NULL,
  `product_price` varchar(50) NOT NULL,
  `product_size` varchar(50) NOT NULL,
  `product_image` varchar(500) NOT NULL,
  `brand` varchar(100) NOT NULL,
  `category` varchar(50) NOT NULL
) ENGINE=InnoDB DEFAULT CHARSET=latin1 COLLATE=latin1_swedish_ci;

--
-- Dumping data for table `product`
--

INSERT INTO `product` (`product_id`, `product_name`, `product_price`, `product_size`, `product_image`, `brand`, `category`) VALUES
(3, 'Nike Air Max Neon', '12000', '7', '1141103372nike15.jpg', 'Nike', 'basketball'),
(4, 'Nike Air Max Green', '12000', '8', '832975975nike5.jpg', 'Nike', 'basketball'),
(6, 'Adidas Gent', '13000', '9', '13634363832010-Adidas-Men-Basketball-Shoes-2.jpg', 'Adidas', 'basketball'),
(7, 'Adidas 599 LRG', '15000', '8', '872686791Adidas Basketball Shoes 599_LRG.jpg', 'Adidas', 'basketball'),
(8, 'Lebron 11 Siver', '18000', '8', '124030907nike13.jpg', 'Nike', 'basketball'),
(9, 'Adidas Adizero Black', '18000', '10', '14237873113-adidas-Rose-Dominate-Adizero-shoes.jpg', 'Adidas', 'basketball'),
(10, 'Adidas Adizero Blue', '18000', '10', '1024158586Adidas_Rose_Shoes_009.jpg', 'Adidas', 'basketball'),
(11, 'Lebron 11 Red', '18000', '9', '567507982nike10.jpg', 'Nike', 'basketball'),
(13, 'Nike Hypervenom', '10000', '12', '1312216564nike-hypervenoms-customize-fg-2015-outlet-neymar-colors-soccer-shoes-professional.jpg', 'Nike', 'football'),
(14, 'Nike C Lou Generation', '12000', '11', '533123642013_Discount_Nike_C_Luo_9_Generation_Online_Blue_Green.jpg', 'Nike', 'football'),
(15, 'Nike Mercurial Vapor 7 Superfly II FG Lightning', '12000', '12', '1157463277Nike-Mercurial-Vapor-7-Superfly-III-FG-Lightning-Soccer-Shoes-Fluorescent-Yellow-Black.jpg', 'Nike', 'football'),
(16, 'Nike Magista Obra', '12000', '9', '335092704Cheap-Nike-Magista-Obra-.jpg', 'Nike', 'football'),
(17, 'Adidas Chaussures', '12000', '8', '697721412chaussures001.jpg', 'Adidas', 'football'),
(19, 'Nike Flyknit Lunar Green Blue', '8000', '9', '745184160Nike_Nike_Flyknit_Lunar_2_Mens_Fluorescent_Green_Blue_Running_Shoes_2015_Outlet.jpg', 'Nike', 'Running'),
(20, 'Nike Flyknit Lunar Sea Blue', '8000', '10', '1239262802Nike_Nike_Flyknit_Lunar_2_Mens_Sky_Blue_Sea_Blue_Running_Shoes_2015_Cheap.jpg', 'Nike', 'Running'),
(21, 'Nike Flyknit Green', '8000', '12', '470680173flyknit.jpg', 'Nike', 'Running'),
(26, 'Nike Hypervenom Phantom', '15000', '8', '15416832542014-Nike-Hypervenom-Phantom-FG-Red-Fluorescent-Yellow.jpg', 'Nike', 'football'),
(28, 'Adidas Adizero Red', '18000', '9', '153564340adidas-all-star-basketball-shoes-adizero-shadow.jpg', 'Adidas', 'basketball'),
(29, 'Adidas Gents', '10000', '9', '14124685402-Adidas-gents-shoes-collection-2015-01.jpg', 'Adidas', 'Running'),
(30, 'Nike Flyknit Gray & Pink', '8000', '11', '948731815nw1.jpg', 'Nike', 'Running'),
(31, 'Reebok Zigtech Shake', '10000', '10', '245113227reebok-zigtech-shake-running-shoes-offer-lemonstore-1405-13-lemonstore@1.jpg', 'Reebok', 'Running'),
(157, 'Reebok Blast', '10000', '9', '547866585reebok-blast-profile.jpg', 'Reebok', 'feature'),
(21561, 'Lebron 11 ', '15000', '10', '1125171488heat-lebron-11-17.jpg', 'Nike', 'feature'),
(51292, 'Adidas Adizero F50', '10000', '10', '1272267959adizero-F50-FG.jpg', 'Adidas', 'feature'),
(358159, 'Flyknit 360', '8000', '8', '40329068flyknit.jpg', 'Nike', 'feature'),
(431860, 'Nike Hypervenom Neymar Jr.', '12000', '9', '852236910hypervenom.png', 'Nike', 'feature'),
(961461, 'Adidas Bounce Titan', '9000', '9', '367527167Rabatt_Prezzo_Ridotto_Adidas_Bounce_Titan_Herren_White_Schwarz_Running_Sho_Online.jpg', 'Adidas', 'feature');

-- --------------------------------------------------------

--
-- Table structure for table `stock`
--

CREATE TABLE `stock` (
  `stock_id` int(11) NOT NULL,
  `product_id` int(11) NOT NULL,
  `qty` int(11) NOT NULL
) ENGINE=MyISAM DEFAULT CHARSET=latin1 COLLATE=latin1_swedish_ci;

--
-- Dumping data for table `stock`
--

INSERT INTO `stock` (`stock_id`, `product_id`, `qty`) VALUES
(1, 71339, 20),
(2, 82631, 30),
(3, 3, 20),
(4, 4, 20),
(5, 6, 20),
(6, 7, 20),
(7, 8, 20),
(8, 9, 20),
(9, 10, 19),
(10, 11, 23),
(11, 13, 20),
(12, 14, 20),
(13, 15, 20),
(14, 16, 20),
(15, 17, 20),
(16, 19, 20),
(17, 20, 20),
(18, 21, 20),
(19, 26, 13),
(20, 28, 21),
(21, 29, 18),
(22, 30, 20),
(23, 31, 22),
(26, 431860, 39),
(27, 21561, 30),
(28, 358159, 30),
(29, 157, 25),
(30, 51292, 20),
(31, 961461, 22);

-- --------------------------------------------------------

--
-- Table structure for table `transaction`
--

CREATE TABLE `transaction` (
  `transaction_id` int(11) NOT NULL,
  `customerid` int(11) NOT NULL,
  `amount` int(11) NOT NULL,
  `order_stat` varchar(100) NOT NULL,
  `order_date` varchar(50) NOT NULL
) ENGINE=InnoDB DEFAULT CHARSET=latin1 COLLATE=latin1_swedish_ci;

-- --------------------------------------------------------

--
-- Table structure for table `transaction_detail`
--

CREATE TABLE `transaction_detail` (
  `transacton_detail_id` int(11) NOT NULL,
  `product_id` int(11) NOT NULL,
  `order_qty` int(11) NOT NULL,
  `transaction_id` int(11) NOT NULL
) ENGINE=MyISAM DEFAULT CHARSET=latin1 COLLATE=latin1_swedish_ci;

--
-- Indexes for dumped tables
--

--
-- Indexes for table `admin`
--
ALTER TABLE `admin`
  ADD PRIMARY KEY (`adminid`);

--
-- Indexes for table `contact`
--
ALTER TABLE `contact`
  ADD PRIMARY KEY (`contact_id`);

--
-- Indexes for table `customer`
--
ALTER TABLE `customer`
  ADD PRIMARY KEY (`customerid`);

--
-- Indexes for table `product`
--
ALTER TABLE `product`
  ADD PRIMARY KEY (`product_id`);

--
-- Indexes for table `stock`
--
ALTER TABLE `stock`
  ADD PRIMARY KEY (`stock_id`);

--
-- Indexes for table `transaction`
--
ALTER TABLE `transaction`
  ADD PRIMARY KEY (`transaction_id`);

--
-- Indexes for table `transaction_detail`
--
ALTER TABLE `transaction_detail`
  ADD PRIMARY KEY (`transacton_detail_id`);

--
-- AUTO_INCREMENT for dumped tables
--

--
-- AUTO_INCREMENT for table `admin`
--
ALTER TABLE `admin`
  MODIFY `adminid` int(11) NOT NULL AUTO_INCREMENT, AUTO_INCREMENT=2;

--
-- AUTO_INCREMENT for table `contact`
--
ALTER TABLE `contact`
  MODIFY `contact_id` int(11) NOT NULL AUTO_INCREMENT, AUTO_INCREMENT=4;

--
-- AUTO_INCREMENT for table `customer`
--
ALTER TABLE `customer`
  MODIFY `customerid` int(11) NOT NULL AUTO_INCREMENT;

--
-- AUTO_INCREMENT for table `stock`
--
ALTER TABLE `stock`
  MODIFY `stock_id` int(11) NOT NULL AUTO_INCREMENT, AUTO_INCREMENT=32;

--
-- AUTO_INCREMENT for table `transaction_detail`
--
ALTER TABLE `transaction_detail`
  MODIFY `transacton_detail_id` int(11) NOT NULL AUTO_INCREMENT;
--
-- Database: `attendance_management`
--
CREATE DATABASE IF NOT EXISTS `attendance_management` DEFAULT CHARACTER SET utf8mb4 COLLATE utf8mb4_general_ci;
USE `attendance_management`;

-- --------------------------------------------------------

--
-- Table structure for table `attendance`
--

CREATE TABLE `attendance` (
  `student` varchar(40) DEFAULT NULL,
  `regno` varchar(40) DEFAULT NULL,
  `week` varchar(40) DEFAULT NULL,
  `date` date DEFAULT NULL,
  `unit` int(10) UNSIGNED DEFAULT NULL,
  `attended` varchar(40) DEFAULT NULL,
  `id` int(10) UNSIGNED NOT NULL
) ENGINE=MyISAM DEFAULT CHARSET=utf8 COLLATE=utf8_general_ci;

--
-- Dumping data for table `attendance`
--

INSERT INTO `attendance` (`student`, `regno`, `week`, `date`, `unit`, `attended`, `id`) VALUES
('SAR02119600', 'SAR02119600', '1', '2021-02-23', 2, '1', 4);

-- --------------------------------------------------------

--
-- Table structure for table `courses`
--

CREATE TABLE `courses` (
  `id` int(10) UNSIGNED NOT NULL,
  `name` varchar(40) DEFAULT NULL
) ENGINE=MyISAM DEFAULT CHARSET=utf8 COLLATE=utf8_general_ci;

--
-- Dumping data for table `courses`
--

INSERT INTO `courses` (`id`, `name`) VALUES
(6, 'BSED'),
(5, 'BSIT-CT'),
(4, 'BSIT'),
(7, 'BEED'),
(8, 'BSBA'),
(9, 'BSFI'),
(10, 'BSCRIM');

-- --------------------------------------------------------

--
-- Table structure for table `membership_grouppermissions`
--

CREATE TABLE `membership_grouppermissions` (
  `permissionID` int(10) UNSIGNED NOT NULL,
  `groupID` int(11) DEFAULT NULL,
  `tableName` varchar(100) DEFAULT NULL,
  `allowInsert` tinyint(4) DEFAULT NULL,
  `allowView` tinyint(4) NOT NULL DEFAULT 0,
  `allowEdit` tinyint(4) NOT NULL DEFAULT 0,
  `allowDelete` tinyint(4) NOT NULL DEFAULT 0
) ENGINE=MyISAM DEFAULT CHARSET=utf8 COLLATE=utf8_general_ci;

--
-- Dumping data for table `membership_grouppermissions`
--

INSERT INTO `membership_grouppermissions` (`permissionID`, `groupID`, `tableName`, `allowInsert`, `allowView`, `allowEdit`, `allowDelete`) VALUES
(1, 2, 'students', 1, 3, 3, 3),
(2, 2, 'units', 1, 3, 3, 3),
(3, 2, 'courses', 1, 3, 3, 3),
(4, 2, 'attendance', 1, 3, 3, 3),
(5, 3, 'students', 1, 1, 1, 1),
(6, 3, 'units', 1, 1, 1, 1),
(7, 3, 'courses', 1, 1, 1, 1),
(8, 3, 'attendance', 1, 1, 1, 1);

-- --------------------------------------------------------

--
-- Table structure for table `membership_groups`
--

CREATE TABLE `membership_groups` (
  `groupID` int(10) UNSIGNED NOT NULL,
  `name` varchar(20) DEFAULT NULL,
  `description` text DEFAULT NULL,
  `allowSignup` tinyint(4) DEFAULT NULL,
  `needsApproval` tinyint(4) DEFAULT NULL
) ENGINE=MyISAM DEFAULT CHARSET=utf8 COLLATE=utf8_general_ci;

--
-- Dumping data for table `membership_groups`
--

INSERT INTO `membership_groups` (`groupID`, `name`, `description`, `allowSignup`, `needsApproval`) VALUES
(1, 'anonymous', 'Anonymous group created automatically on 2018-01-30', 0, 0),
(2, 'Admins', 'Admin group created automatically on 2018-01-30', 0, 1),
(3, 'Lecturer', 'lecturers can join group and add their courses and units and their students', 1, 0);

-- --------------------------------------------------------

--
-- Table structure for table `membership_userpermissions`
--

CREATE TABLE `membership_userpermissions` (
  `permissionID` int(10) UNSIGNED NOT NULL,
  `memberID` varchar(20) NOT NULL,
  `tableName` varchar(100) DEFAULT NULL,
  `allowInsert` tinyint(4) DEFAULT NULL,
  `allowView` tinyint(4) NOT NULL DEFAULT 0,
  `allowEdit` tinyint(4) NOT NULL DEFAULT 0,
  `allowDelete` tinyint(4) NOT NULL DEFAULT 0
) ENGINE=MyISAM DEFAULT CHARSET=utf8 COLLATE=utf8_general_ci;

-- --------------------------------------------------------

--
-- Table structure for table `membership_userrecords`
--

CREATE TABLE `membership_userrecords` (
  `recID` bigint(20) UNSIGNED NOT NULL,
  `tableName` varchar(100) DEFAULT NULL,
  `pkValue` varchar(255) DEFAULT NULL,
  `memberID` varchar(20) DEFAULT NULL,
  `dateAdded` bigint(20) UNSIGNED DEFAULT NULL,
  `dateUpdated` bigint(20) UNSIGNED DEFAULT NULL,
  `groupID` int(11) DEFAULT NULL
) ENGINE=MyISAM DEFAULT CHARSET=utf8 COLLATE=utf8_general_ci;

--
-- Dumping data for table `membership_userrecords`
--

INSERT INTO `membership_userrecords` (`recID`, `tableName`, `pkValue`, `memberID`, `dateAdded`, `dateUpdated`, `groupID`) VALUES
(14, 'courses', '6', 'admin', 1614105581, 1614105581, 2),
(13, 'courses', '5', 'admin', 1614105528, 1614105528, 2),
(12, 'courses', '4', 'admin', 1614105505, 1614105505, 2),
(4, 'units', '1', 'admin', 1517324782, 1517324782, 2),
(5, 'units', '2', 'admin', 1517324809, 1517324809, 2),
(19, 'students', 'CAN01239500', 'admin', 1614105939, 1614105939, 2),
(18, 'courses', '10', 'admin', 1614105641, 1614105641, 2),
(15, 'courses', '7', 'admin', 1614105587, 1614105587, 2),
(16, 'courses', '8', 'admin', 1614105594, 1614105594, 2),
(17, 'courses', '9', 'admin', 1614105608, 1614105608, 2),
(20, 'students', 'EAE02079200', 'admin', 1614105985, 1614105985, 2),
(21, 'students', 'MKA05158800', 'admin', 1614106043, 1614106043, 2),
(22, 'students', 'MAR10319700', 'admin', 1614106084, 1614106084, 2),
(23, 'students', 'SAR02119600', 'admin', 1614106151, 1614106151, 2),
(24, 'attendance', '4', 'admin', 1614106322, 1614106322, 2);

-- --------------------------------------------------------

--
-- Table structure for table `membership_users`
--

CREATE TABLE `membership_users` (
  `memberID` varchar(20) NOT NULL,
  `passMD5` varchar(40) DEFAULT NULL,
  `email` varchar(100) DEFAULT NULL,
  `signupDate` date DEFAULT NULL,
  `groupID` int(10) UNSIGNED DEFAULT NULL,
  `isBanned` tinyint(4) DEFAULT NULL,
  `isApproved` tinyint(4) DEFAULT NULL,
  `custom1` text DEFAULT NULL,
  `custom2` text DEFAULT NULL,
  `custom3` text DEFAULT NULL,
  `custom4` text DEFAULT NULL,
  `comments` text DEFAULT NULL,
  `pass_reset_key` varchar(100) DEFAULT NULL,
  `pass_reset_expiry` int(10) UNSIGNED DEFAULT NULL
) ENGINE=MyISAM DEFAULT CHARSET=utf8 COLLATE=utf8_general_ci;

--
-- Dumping data for table `membership_users`
--

INSERT INTO `membership_users` (`memberID`, `passMD5`, `email`, `signupDate`, `groupID`, `isBanned`, `isApproved`, `custom1`, `custom2`, `custom3`, `custom4`, `comments`, `pass_reset_key`, `pass_reset_expiry`) VALUES
('guest', NULL, NULL, '2018-01-30', 1, 0, 1, NULL, NULL, NULL, NULL, 'Anonymous member created automatically on 2018-01-30', NULL, NULL),
('admin', '21232f297a57a5a743894a0e4a801fc3', 'admin@admin.com', '2018-01-30', 2, 0, 1, NULL, NULL, NULL, NULL, 'Admin member created automatically on 2018-01-30', NULL, NULL),
('jude', '25d55ad283aa400af464c76d713c07ad', 'suarez081119@gmail.com', '2021-02-23', 3, 0, 1, 'angel jude suarez', 'brgy. tooy', 'himamaylan city', 'philippines', 'member signed up through the registration form.', NULL, NULL);

-- --------------------------------------------------------

--
-- Table structure for table `students`
--

CREATE TABLE `students` (
  `regno` varchar(40) NOT NULL,
  `name` varchar(100) NOT NULL,
  `course` varchar(40) DEFAULT NULL
) ENGINE=MyISAM DEFAULT CHARSET=utf8 COLLATE=utf8_general_ci;

--
-- Dumping data for table `students`
--

INSERT INTO `students` (`regno`, `name`, `course`) VALUES
('EAE02079200', 'Adones Evangelista', '4'),
('CAN01239500', 'Niko Curaza', '4'),
('MKA05158800', 'Kimmy Matillano', '4'),
('MAR10319700', 'Adrian Mercurio', '4'),
('SAR02119600', 'Angel Jude Suarez', '4');

-- --------------------------------------------------------

--
-- Table structure for table `units`
--

CREATE TABLE `units` (
  `id` int(10) UNSIGNED NOT NULL,
  `name` varchar(40) DEFAULT NULL
) ENGINE=MyISAM DEFAULT CHARSET=utf8 COLLATE=utf8_general_ci;

--
-- Dumping data for table `units`
--

INSERT INTO `units` (`id`, `name`) VALUES
(1, 'IRD 200'),
(2, 'EDF 211');

--
-- Indexes for dumped tables
--

--
-- Indexes for table `attendance`
--
ALTER TABLE `attendance`
  ADD PRIMARY KEY (`id`),
  ADD KEY `student` (`student`),
  ADD KEY `unit` (`unit`);

--
-- Indexes for table `courses`
--
ALTER TABLE `courses`
  ADD PRIMARY KEY (`id`);

--
-- Indexes for table `membership_grouppermissions`
--
ALTER TABLE `membership_grouppermissions`
  ADD PRIMARY KEY (`permissionID`);

--
-- Indexes for table `membership_groups`
--
ALTER TABLE `membership_groups`
  ADD PRIMARY KEY (`groupID`);

--
-- Indexes for table `membership_userpermissions`
--
ALTER TABLE `membership_userpermissions`
  ADD PRIMARY KEY (`permissionID`);

--
-- Indexes for table `membership_userrecords`
--
ALTER TABLE `membership_userrecords`
  ADD PRIMARY KEY (`recID`),
  ADD UNIQUE KEY `tableName_pkValue` (`tableName`,`pkValue`) USING HASH,
  ADD KEY `pkValue` (`pkValue`),
  ADD KEY `tableName` (`tableName`),
  ADD KEY `memberID` (`memberID`),
  ADD KEY `groupID` (`groupID`);

--
-- Indexes for table `membership_users`
--
ALTER TABLE `membership_users`
  ADD PRIMARY KEY (`memberID`),
  ADD KEY `groupID` (`groupID`);

--
-- Indexes for table `students`
--
ALTER TABLE `students`
  ADD PRIMARY KEY (`regno`),
  ADD KEY `course` (`course`);

--
-- Indexes for table `units`
--
ALTER TABLE `units`
  ADD PRIMARY KEY (`id`);

--
-- AUTO_INCREMENT for dumped tables
--

--
-- AUTO_INCREMENT for table `attendance`
--
ALTER TABLE `attendance`
  MODIFY `id` int(10) UNSIGNED NOT NULL AUTO_INCREMENT, AUTO_INCREMENT=5;

--
-- AUTO_INCREMENT for table `courses`
--
ALTER TABLE `courses`
  MODIFY `id` int(10) UNSIGNED NOT NULL AUTO_INCREMENT, AUTO_INCREMENT=11;

--
-- AUTO_INCREMENT for table `membership_grouppermissions`
--
ALTER TABLE `membership_grouppermissions`
  MODIFY `permissionID` int(10) UNSIGNED NOT NULL AUTO_INCREMENT, AUTO_INCREMENT=9;

--
-- AUTO_INCREMENT for table `membership_groups`
--
ALTER TABLE `membership_groups`
  MODIFY `groupID` int(10) UNSIGNED NOT NULL AUTO_INCREMENT, AUTO_INCREMENT=4;

--
-- AUTO_INCREMENT for table `membership_userpermissions`
--
ALTER TABLE `membership_userpermissions`
  MODIFY `permissionID` int(10) UNSIGNED NOT NULL AUTO_INCREMENT;

--
-- AUTO_INCREMENT for table `membership_userrecords`
--
ALTER TABLE `membership_userrecords`
  MODIFY `recID` bigint(20) UNSIGNED NOT NULL AUTO_INCREMENT, AUTO_INCREMENT=25;

--
-- AUTO_INCREMENT for table `units`
--
ALTER TABLE `units`
  MODIFY `id` int(10) UNSIGNED NOT NULL AUTO_INCREMENT, AUTO_INCREMENT=3;
--
-- Database: `axcorapos`
--
CREATE DATABASE IF NOT EXISTS `axcorapos` DEFAULT CHARACTER SET utf8mb4 COLLATE utf8mb4_general_ci;
USE `axcorapos`;

-- --------------------------------------------------------

--
-- Table structure for table `customer`
--

CREATE TABLE `customer` (
  `customer_id` int(11) NOT NULL,
  `customer_name` varchar(100) NOT NULL,
  `address` varchar(100) NOT NULL,
  `contact` varchar(100) NOT NULL,
  `membership_number` varchar(100) NOT NULL,
  `prod_name` varchar(550) NOT NULL,
  `expected_date` varchar(500) NOT NULL,
  `note` varchar(500) NOT NULL
) ENGINE=InnoDB DEFAULT CHARSET=latin1 COLLATE=latin1_swedish_ci;

-- --------------------------------------------------------

--
-- Table structure for table `products`
--

CREATE TABLE `products` (
  `product_id` int(11) NOT NULL,
  `product_code` varchar(200) NOT NULL,
  `gen_name` varchar(200) NOT NULL,
  `product_name` varchar(200) NOT NULL,
  `cost` varchar(100) NOT NULL,
  `o_price` varchar(100) NOT NULL,
  `price` varchar(100) NOT NULL,
  `profit` varchar(100) NOT NULL,
  `supplier` varchar(100) NOT NULL,
  `onhand_qty` int(10) NOT NULL,
  `qty` int(10) NOT NULL,
  `qty_sold` int(10) NOT NULL,
  `expiry_date` varchar(500) NOT NULL,
  `date_arrival` varchar(500) NOT NULL
) ENGINE=InnoDB DEFAULT CHARSET=latin1 COLLATE=latin1_swedish_ci;

-- --------------------------------------------------------

--
-- Table structure for table `sales`
--

CREATE TABLE `sales` (
  `transaction_id` int(11) NOT NULL,
  `invoice_number` varchar(100) NOT NULL,
  `cashier` varchar(100) NOT NULL,
  `date` varchar(100) NOT NULL,
  `type` varchar(100) NOT NULL,
  `amount` varchar(100) NOT NULL,
  `profit` varchar(100) NOT NULL,
  `due_date` varchar(100) NOT NULL,
  `name` varchar(100) NOT NULL,
  `balance` varchar(100) NOT NULL
) ENGINE=InnoDB DEFAULT CHARSET=latin1 COLLATE=latin1_swedish_ci;

-- --------------------------------------------------------

--
-- Table structure for table `sales_order`
--

CREATE TABLE `sales_order` (
  `transaction_id` int(11) NOT NULL,
  `invoice` varchar(100) NOT NULL,
  `product` varchar(100) NOT NULL,
  `qty` varchar(100) NOT NULL,
  `amount` varchar(100) NOT NULL,
  `profit` varchar(100) NOT NULL,
  `product_code` varchar(150) NOT NULL,
  `gen_name` varchar(200) NOT NULL,
  `name` varchar(200) NOT NULL,
  `price` varchar(100) NOT NULL,
  `discount` varchar(100) NOT NULL,
  `date` varchar(500) NOT NULL
) ENGINE=InnoDB DEFAULT CHARSET=latin1 COLLATE=latin1_swedish_ci;

-- --------------------------------------------------------

--
-- Table structure for table `supliers`
--

CREATE TABLE `supliers` (
  `suplier_id` int(11) NOT NULL,
  `suplier_name` varchar(100) NOT NULL,
  `suplier_address` varchar(100) NOT NULL,
  `suplier_contact` varchar(100) NOT NULL,
  `contact_person` varchar(100) NOT NULL,
  `note` varchar(500) NOT NULL
) ENGINE=InnoDB DEFAULT CHARSET=latin1 COLLATE=latin1_swedish_ci;

-- --------------------------------------------------------

--
-- Table structure for table `user`
--

CREATE TABLE `user` (
  `id` int(11) NOT NULL,
  `username` varchar(100) NOT NULL,
  `password` varchar(100) NOT NULL,
  `name` varchar(100) NOT NULL,
  `position` varchar(100) NOT NULL
) ENGINE=InnoDB DEFAULT CHARSET=latin1 COLLATE=latin1_swedish_ci;

--
-- Dumping data for table `user`
--

INSERT INTO `user` (`id`, `username`, `password`, `name`, `position`) VALUES
(1, 'admin', 'admin', 'Admin', 'admin'),
(2, 'kasir', 'kasir', 'kasir', 'Cashier'),
(3, 'admin', 'admin123', 'Administrator', 'admin');

--
-- Indexes for dumped tables
--

--
-- Indexes for table `customer`
--
ALTER TABLE `customer`
  ADD PRIMARY KEY (`customer_id`);

--
-- Indexes for table `products`
--
ALTER TABLE `products`
  ADD PRIMARY KEY (`product_id`);

--
-- Indexes for table `sales`
--
ALTER TABLE `sales`
  ADD PRIMARY KEY (`transaction_id`);

--
-- Indexes for table `sales_order`
--
ALTER TABLE `sales_order`
  ADD PRIMARY KEY (`transaction_id`);

--
-- Indexes for table `supliers`
--
ALTER TABLE `supliers`
  ADD PRIMARY KEY (`suplier_id`);

--
-- Indexes for table `user`
--
ALTER TABLE `user`
  ADD PRIMARY KEY (`id`);

--
-- AUTO_INCREMENT for dumped tables
--

--
-- AUTO_INCREMENT for table `customer`
--
ALTER TABLE `customer`
  MODIFY `customer_id` int(11) NOT NULL AUTO_INCREMENT, AUTO_INCREMENT=15;

--
-- AUTO_INCREMENT for table `products`
--
ALTER TABLE `products`
  MODIFY `product_id` int(11) NOT NULL AUTO_INCREMENT, AUTO_INCREMENT=64;

--
-- AUTO_INCREMENT for table `sales`
--
ALTER TABLE `sales`
  MODIFY `transaction_id` int(11) NOT NULL AUTO_INCREMENT, AUTO_INCREMENT=149;

--
-- AUTO_INCREMENT for table `sales_order`
--
ALTER TABLE `sales_order`
  MODIFY `transaction_id` int(11) NOT NULL AUTO_INCREMENT, AUTO_INCREMENT=327;

--
-- AUTO_INCREMENT for table `supliers`
--
ALTER TABLE `supliers`
  MODIFY `suplier_id` int(11) NOT NULL AUTO_INCREMENT, AUTO_INCREMENT=6;

--
-- AUTO_INCREMENT for table `user`
--
ALTER TABLE `user`
  MODIFY `id` int(11) NOT NULL AUTO_INCREMENT, AUTO_INCREMENT=4;
--
-- Database: `biometricattendace`
--
CREATE DATABASE IF NOT EXISTS `biometricattendace` DEFAULT CHARACTER SET utf8mb4 COLLATE utf8mb4_general_ci;
USE `biometricattendace`;

-- --------------------------------------------------------

--
-- Table structure for table `users`
--

CREATE TABLE `users` (
  `id` int(11) NOT NULL,
  `username` varchar(100) NOT NULL,
  `serialnumber` double NOT NULL,
  `gender` varchar(10) NOT NULL,
  `email` varchar(50) NOT NULL,
  `fingerprint_id` int(11) NOT NULL,
  `fingerprint_select` tinyint(1) NOT NULL DEFAULT 0,
  `user_date` date NOT NULL,
  `time_in` time NOT NULL,
  `del_fingerid` tinyint(1) NOT NULL DEFAULT 0,
  `add_fingerid` tinyint(1) NOT NULL DEFAULT 0
) ENGINE=InnoDB DEFAULT CHARSET=latin1 COLLATE=latin1_swedish_ci;

-- --------------------------------------------------------

--
-- Table structure for table `users_logs`
--

CREATE TABLE `users_logs` (
  `id` int(11) NOT NULL,
  `username` varchar(100) NOT NULL,
  `serialnumber` double NOT NULL,
  `fingerprint_id` int(5) NOT NULL,
  `checkindate` date NOT NULL,
  `timein` time NOT NULL,
  `timeout` time NOT NULL
) ENGINE=InnoDB DEFAULT CHARSET=latin1 COLLATE=latin1_swedish_ci;

--
-- Indexes for dumped tables
--

--
-- Indexes for table `users`
--
ALTER TABLE `users`
  ADD PRIMARY KEY (`id`);

--
-- Indexes for table `users_logs`
--
ALTER TABLE `users_logs`
  ADD PRIMARY KEY (`id`);

--
-- AUTO_INCREMENT for dumped tables
--

--
-- AUTO_INCREMENT for table `users`
--
ALTER TABLE `users`
  MODIFY `id` int(11) NOT NULL AUTO_INCREMENT;

--
-- AUTO_INCREMENT for table `users_logs`
--
ALTER TABLE `users_logs`
  MODIFY `id` int(11) NOT NULL AUTO_INCREMENT;
--
-- Database: `ecommerce_db`
--
CREATE DATABASE IF NOT EXISTS `ecommerce_db` DEFAULT CHARACTER SET utf8mb4 COLLATE utf8mb4_general_ci;
USE `ecommerce_db`;

-- --------------------------------------------------------

--
-- Table structure for table `products`
--

CREATE TABLE `products` (
  `id` int(11) NOT NULL,
  `name` varchar(100) NOT NULL,
  `description` text NOT NULL,
  `price` decimal(10,2) NOT NULL,
  `image` varchar(255) NOT NULL,
  `processor_type` varchar(50) DEFAULT NULL
) ENGINE=InnoDB DEFAULT CHARSET=utf8mb4 COLLATE=utf8mb4_general_ci;

--
-- Dumping data for table `products`
--

INSERT INTO `products` (`id`, `name`, `description`, `price`, `image`, `processor_type`) VALUES
(1, 'TN X-300', 'Ultrabook with Intel Core i7, 16GB RAM, and 512GB SSD', 999.99, 'images/tn_x300.jpg', NULL),
(2, 'LH Pro 15', 'Business Laptop with Intel Core i5, 8GB RAM, and 256GB SSD', 799.99, 'images/lh_pro15.jpg', NULL),
(3, 'DD Gamer X', 'Gaming Laptop with AMD Ryzen 7, 32GB RAM, 1TB SSD, and NVIDIA GeForce RTX 3060', 1499.99, 'images/dd_gamerx.jpg', NULL),
(4, 'GG Flex 14', '2-in-1 Laptop with Intel Core i5, 8GB RAM, 256GB SSD, Touchscreen', 899.99, 'images/gg_flex14.jpg', NULL),
(5, 'NG Litebook', 'Budget Laptop with Intel Celeron, 4GB RAM, and 64GB eMMC', 299.99, 'images/ng_litebook.jpg', NULL),
(6, 'ASUS ROG Zephyrus G14', 'Gaming laptop with AMD Ryzen 9, 32GB RAM, and RTX 3060', 1699.99, 'images/asus_rog_zephyrus_g14.jpeg', 'AMD Ryzen 9'),
(7, 'ASUS VivoBook 15', 'Lightweight laptop with Intel Core i5, 8GB RAM, and 512GB SSD', 699.99, 'images/asus_vivobook_15.jpeg', 'Intel Core i5'),
(8, 'HP Pavilion x360', '2-in-1 laptop with Intel Core i7, 16GB RAM, and 1TB SSD', 1099.99, 'images/hp_pavilion_x360.jpeg', 'Intel Core i7'),
(9, 'HP Omen 15', 'Gaming laptop with Intel Core i7, 16GB RAM, and GTX 1660 Ti', 1299.99, 'images/hp_omen_15.jpeg', 'Intel Core i7'),
(10, 'MSI GS66 Stealth', 'Gaming laptop with Intel Core i9, 32GB RAM, and RTX 3080', 2499.99, 'images/msi_gs66_stealth.jpeg', 'Intel Core i9'),
(11, 'MSI GF63 Thin', 'Budget gaming laptop with Intel Core i5, 8GB RAM, and GTX 1650', 749.99, 'images/msi_gf63_thin.jpeg', 'Intel Core i5'),
(12, 'RAZER Blade 15', 'High-performance gaming laptop with Intel Core i7, RTX 3070', 1999.99, 'images/razer_blade_15.jpeg', 'Intel Core i7'),
(13, 'RAZER Razer Book 13', 'Ultrabook with Intel Core i7, 16GB RAM, and 512GB SSD', 1499.99, 'images/razer_book_13.jpeg', 'Intel Core i7');

-- --------------------------------------------------------

--
-- Table structure for table `users`
--

CREATE TABLE `users` (
  `id` int(11) NOT NULL,
  `username` varchar(50) NOT NULL,
  `password` varchar(255) NOT NULL,
  `email` varchar(100) NOT NULL
) ENGINE=InnoDB DEFAULT CHARSET=utf8mb4 COLLATE=utf8mb4_general_ci;

--
-- Indexes for dumped tables
--

--
-- Indexes for table `products`
--
ALTER TABLE `products`
  ADD PRIMARY KEY (`id`);

--
-- Indexes for table `users`
--
ALTER TABLE `users`
  ADD PRIMARY KEY (`id`);

--
-- AUTO_INCREMENT for dumped tables
--

--
-- AUTO_INCREMENT for table `products`
--
ALTER TABLE `products`
  MODIFY `id` int(11) NOT NULL AUTO_INCREMENT, AUTO_INCREMENT=14;

--
-- AUTO_INCREMENT for table `users`
--
ALTER TABLE `users`
  MODIFY `id` int(11) NOT NULL AUTO_INCREMENT;
--
-- Database: `event_db`
--
CREATE DATABASE IF NOT EXISTS `event_db` DEFAULT CHARACTER SET utf8mb4 COLLATE utf8mb4_general_ci;
USE `event_db`;

-- --------------------------------------------------------

--
-- Table structure for table `event_audience`
--

CREATE TABLE `event_audience` (
  `id` int(30) NOT NULL,
  `event_id` int(30) NOT NULL,
  `name` text NOT NULL,
  `contact` varchar(50) NOT NULL,
  `email` text NOT NULL,
  `remarks` text NOT NULL,
  `status` tinyint(1) NOT NULL DEFAULT 0,
  `date_created` datetime NOT NULL DEFAULT current_timestamp(),
  `date_updated` datetime DEFAULT NULL ON UPDATE current_timestamp()
) ENGINE=InnoDB DEFAULT CHARSET=utf8mb4 COLLATE=utf8mb4_general_ci;

--
-- Dumping data for table `event_audience`
--

INSERT INTO `event_audience` (`id`, `event_id`, `name`, `contact`, `email`, `remarks`, `status`, `date_created`, `date_updated`) VALUES
(1, 1, 'Claire Blake', '09123456789', 'cblake@sample.com', '09123456789', 0, '2021-07-26 11:59:02', NULL),
(3, 1, 'Mike Williams', '09123456789', 'mwilliams@sample.com', 'Sample', 0, '2021-07-26 15:33:32', NULL);

-- --------------------------------------------------------

--
-- Table structure for table `event_list`
--

CREATE TABLE `event_list` (
  `id` int(30) NOT NULL,
  `title` varchar(250) NOT NULL,
  `description` text NOT NULL,
  `venue` text NOT NULL,
  `limit_registration` tinyint(1) NOT NULL DEFAULT 0 COMMENT '0=Don''t Close, 1= entry has timeout',
  `datetime_start` datetime NOT NULL,
  `datetime_end` datetime NOT NULL,
  `limit_time` float DEFAULT NULL,
  `user_id` int(30) NOT NULL,
  `date_created` datetime NOT NULL DEFAULT current_timestamp(),
  `date_update` datetime DEFAULT NULL ON UPDATE current_timestamp()
) ENGINE=InnoDB DEFAULT CHARSET=utf8mb4 COLLATE=utf8mb4_general_ci;

--
-- Dumping data for table `event_list`
--

INSERT INTO `event_list` (`id`, `title`, `description`, `venue`, `limit_registration`, `datetime_start`, `datetime_end`, `limit_time`, `user_id`, `date_created`, `date_update`) VALUES
(1, 'Sample 101', 'Sample Event Only', 'Venue 101', 0, '2021-07-26 13:00:00', '2021-07-26 17:00:00', 0, 3, '2021-07-26 11:10:12', '2021-07-26 11:29:25'),
(3, 'Sample 102', 'Sample only', 'Venue 102', 1, '2021-07-26 15:00:00', '2021-07-26 17:30:00', 30, 3, '2021-07-26 13:36:43', NULL);

-- --------------------------------------------------------

--
-- Table structure for table `registration_history`
--

CREATE TABLE `registration_history` (
  `id` int(30) NOT NULL,
  `event_id` int(30) NOT NULL,
  `audience_id` int(30) NOT NULL,
  `user_id` int(30) NOT NULL,
  `date_created` datetime NOT NULL DEFAULT current_timestamp()
) ENGINE=InnoDB DEFAULT CHARSET=utf8mb4 COLLATE=utf8mb4_general_ci;

--
-- Dumping data for table `registration_history`
--

INSERT INTO `registration_history` (`id`, `event_id`, `audience_id`, `user_id`, `date_created`) VALUES
(1, 1, 3, 3, '2021-07-26 15:35:33'),
(2, 1, 1, 3, '2021-07-26 15:40:04');

-- --------------------------------------------------------

--
-- Table structure for table `system_info`
--

CREATE TABLE `system_info` (
  `id` int(30) NOT NULL,
  `meta_field` text NOT NULL,
  `meta_value` text NOT NULL
) ENGINE=InnoDB DEFAULT CHARSET=utf8mb4 COLLATE=utf8mb4_general_ci;

--
-- Dumping data for table `system_info`
--

INSERT INTO `system_info` (`id`, `meta_field`, `meta_value`) VALUES
(1, 'name', 'Event Registration System with QR Code - PHP'),
(2, 'address', 'Philippines'),
(3, 'contact', '+1234567890'),
(4, 'email', 'info@sample.com'),
(5, 'fb_page', 'https://www.facebook.com/myPageName'),
(6, 'short_name', 'ERS-QR-PHP'),
(9, 'logo', 'uploads/1627260420_checklist.jpg');

-- --------------------------------------------------------

--
-- Table structure for table `users`
--

CREATE TABLE `users` (
  `id` int(50) NOT NULL,
  `firstname` varchar(250) NOT NULL,
  `lastname` varchar(250) NOT NULL,
  `username` text NOT NULL,
  `password` text NOT NULL,
  `avatar` text DEFAULT NULL,
  `last_login` datetime DEFAULT NULL,
  `type` tinyint(1) NOT NULL DEFAULT 2 COMMENT '1=Admin,2=Registrar',
  `date_added` datetime NOT NULL DEFAULT current_timestamp(),
  `date_updated` datetime DEFAULT NULL ON UPDATE current_timestamp()
) ENGINE=InnoDB DEFAULT CHARSET=utf8mb4 COLLATE=utf8mb4_general_ci;

--
-- Dumping data for table `users`
--

INSERT INTO `users` (`id`, `firstname`, `lastname`, `username`, `password`, `avatar`, `last_login`, `type`, `date_added`, `date_updated`) VALUES
(1, 'Adminstrator', 'Admin', 'admin', '0192023a7bbd73250516f069df18b500', 'uploads/1627261440_avatar.png', NULL, 1, '2021-01-20 14:02:37', '2021-07-26 09:57:03'),
(3, 'John', 'Smith', 'jsmith', '39ce7e2a8573b41ce73b5ba41617f8f7', 'uploads/1627264800_avatar.png', NULL, 2, '2021-07-26 10:00:18', '2021-07-26 10:04:53');

--
-- Indexes for dumped tables
--

--
-- Indexes for table `event_audience`
--
ALTER TABLE `event_audience`
  ADD PRIMARY KEY (`id`);

--
-- Indexes for table `event_list`
--
ALTER TABLE `event_list`
  ADD PRIMARY KEY (`id`);

--
-- Indexes for table `registration_history`
--
ALTER TABLE `registration_history`
  ADD PRIMARY KEY (`id`);

--
-- Indexes for table `system_info`
--
ALTER TABLE `system_info`
  ADD PRIMARY KEY (`id`);

--
-- Indexes for table `users`
--
ALTER TABLE `users`
  ADD PRIMARY KEY (`id`);

--
-- AUTO_INCREMENT for dumped tables
--

--
-- AUTO_INCREMENT for table `event_audience`
--
ALTER TABLE `event_audience`
  MODIFY `id` int(30) NOT NULL AUTO_INCREMENT, AUTO_INCREMENT=5;

--
-- AUTO_INCREMENT for table `event_list`
--
ALTER TABLE `event_list`
  MODIFY `id` int(30) NOT NULL AUTO_INCREMENT, AUTO_INCREMENT=4;

--
-- AUTO_INCREMENT for table `registration_history`
--
ALTER TABLE `registration_history`
  MODIFY `id` int(30) NOT NULL AUTO_INCREMENT, AUTO_INCREMENT=3;

--
-- AUTO_INCREMENT for table `system_info`
--
ALTER TABLE `system_info`
  MODIFY `id` int(30) NOT NULL AUTO_INCREMENT, AUTO_INCREMENT=12;

--
-- AUTO_INCREMENT for table `users`
--
ALTER TABLE `users`
  MODIFY `id` int(50) NOT NULL AUTO_INCREMENT, AUTO_INCREMENT=4;
--
-- Database: `kruxton`
--
CREATE DATABASE IF NOT EXISTS `kruxton` DEFAULT CHARACTER SET utf8mb4 COLLATE utf8mb4_general_ci;
USE `kruxton`;

-- --------------------------------------------------------

--
-- Table structure for table `categories`
--

CREATE TABLE `categories` (
  `id` int(30) NOT NULL,
  `name` varchar(200) NOT NULL,
  `description` text NOT NULL
) ENGINE=InnoDB DEFAULT CHARSET=utf8mb4 COLLATE=utf8mb4_general_ci;

--
-- Dumping data for table `categories`
--

INSERT INTO `categories` (`id`, `name`, `description`) VALUES
(10, 'Cafeteria', 'Cafeteria Products');

-- --------------------------------------------------------

--
-- Table structure for table `orders`
--

CREATE TABLE `orders` (
  `id` int(11) NOT NULL,
  `ref_no` varchar(50) NOT NULL,
  `total_amount` float NOT NULL,
  `amount_tendered` float NOT NULL,
  `order_number` int(30) NOT NULL,
  `date_created` datetime NOT NULL DEFAULT current_timestamp()
) ENGINE=InnoDB DEFAULT CHARSET=utf8mb4 COLLATE=utf8mb4_general_ci;

--
-- Dumping data for table `orders`
--

INSERT INTO `orders` (`id`, `ref_no`, `total_amount`, `amount_tendered`, `order_number`, `date_created`) VALUES
(1, '278998154978', 904, 1000, 1001, '2023-02-03 19:17:03'),
(2, '091428583362', 1343, 0, 1005, '2023-02-03 19:17:34'),
(3, '543076159999', 1622, 0, 1004, '2023-02-03 19:17:56'),
(4, '967470759448', 742, 1000, 1003, '2023-02-03 19:20:26'),
(5, '300535882264', 1354, 1400, 1006, '2023-02-03 20:12:43'),
(6, '286839094599', 90, 200, 1, '2023-08-30 22:09:29'),
(7, '577031803534', 30, 1222, 1, '2023-08-30 23:15:49'),
(8, '240692438794', 0, 0, 0, '2023-08-30 23:21:51'),
(9, '378933496796', 135, 0, 0, '2023-08-31 22:34:25');

-- --------------------------------------------------------

--
-- Table structure for table `order_items`
--

CREATE TABLE `order_items` (
  `id` int(30) NOT NULL,
  `order_id` int(30) NOT NULL,
  `product_id` int(30) NOT NULL,
  `qty` int(30) NOT NULL,
  `price` float NOT NULL,
  `amount` float NOT NULL
) ENGINE=InnoDB DEFAULT CHARSET=utf8mb4 COLLATE=utf8mb4_general_ci;

--
-- Dumping data for table `order_items`
--

INSERT INTO `order_items` (`id`, `order_id`, `product_id`, `qty`, `price`, `amount`) VALUES
(1, 1, 8, 1, 452, 452),
(2, 1, 7, 1, 452, 452),
(3, 2, 3, 1, 520, 520),
(4, 2, 6, 1, 443, 443),
(5, 2, 10, 1, 80, 80),
(6, 2, 1, 1, 300, 300),
(7, 3, 2, 1, 352, 352),
(8, 3, 1, 1, 300, 300),
(9, 3, 3, 1, 520, 520),
(10, 3, 4, 1, 450, 450),
(11, 4, 9, 1, 50, 50),
(12, 4, 8, 1, 452, 452),
(13, 4, 10, 3, 80, 240),
(14, 5, 4, 1, 450, 450),
(15, 5, 8, 2, 452, 904),
(16, 6, 12, 3, 30, 90),
(17, 7, 12, 1, 30, 30),
(18, 9, 13, 3, 45, 135);

-- --------------------------------------------------------

--
-- Table structure for table `products`
--

CREATE TABLE `products` (
  `id` int(30) NOT NULL,
  `category_id` int(30) NOT NULL,
  `name` varchar(200) NOT NULL,
  `description` text NOT NULL,
  `price` float NOT NULL,
  `status` tinyint(1) NOT NULL DEFAULT 1 COMMENT '0=Unavailable,1=Available'
) ENGINE=InnoDB DEFAULT CHARSET=utf8mb4 COLLATE=utf8mb4_general_ci;

--
-- Dumping data for table `products`
--

INSERT INTO `products` (`id`, `category_id`, `name`, `description`, `price`, `status`) VALUES
(12, 10, 'Adobo Chicken', 'adobo', 30, 1),
(13, 10, 'Menudo', 'masarap', 45, 1);

-- --------------------------------------------------------

--
-- Table structure for table `system_settings`
--

CREATE TABLE `system_settings` (
  `id` int(30) NOT NULL,
  `name` text NOT NULL,
  `email` varchar(200) NOT NULL,
  `contact` varchar(20) NOT NULL,
  `cover_img` text NOT NULL,
  `about_content` text NOT NULL
) ENGINE=InnoDB DEFAULT CHARSET=utf8mb4 COLLATE=utf8mb4_general_ci;

--
-- Dumping data for table `system_settings`
--

INSERT INTO `system_settings` (`id`, `name`, `email`, `contact`, `cover_img`, `about_content`) VALUES
(1, 'Cafeteria / Canteen ', 'otaragieron@gmail.com', '9000000000', '1693407600_round.png', '');

-- --------------------------------------------------------

--
-- Table structure for table `users`
--

CREATE TABLE `users` (
  `id` int(30) NOT NULL,
  `name` text NOT NULL,
  `username` varchar(200) NOT NULL,
  `password` text NOT NULL,
  `type` tinyint(1) NOT NULL DEFAULT 3 COMMENT '1=Admin,2=Staff'
) ENGINE=InnoDB DEFAULT CHARSET=utf8mb4 COLLATE=utf8mb4_general_ci;

--
-- Dumping data for table `users`
--

INSERT INTO `users` (`id`, `name`, `username`, `password`, `type`) VALUES
(3, 'Gieron Diwa', 'gdiwa@gmail.com', 'e10adc3949ba59abbe56e057f20f883e', 1),
(4, 'Staff 1', 'user@gmail.com', '81dc9bdb52d04dc20036dbd8313ed055', 2);

--
-- Indexes for dumped tables
--

--
-- Indexes for table `categories`
--
ALTER TABLE `categories`
  ADD PRIMARY KEY (`id`);

--
-- Indexes for table `orders`
--
ALTER TABLE `orders`
  ADD PRIMARY KEY (`id`);

--
-- Indexes for table `order_items`
--
ALTER TABLE `order_items`
  ADD PRIMARY KEY (`id`);

--
-- Indexes for table `products`
--
ALTER TABLE `products`
  ADD PRIMARY KEY (`id`);

--
-- Indexes for table `system_settings`
--
ALTER TABLE `system_settings`
  ADD PRIMARY KEY (`id`);

--
-- Indexes for table `users`
--
ALTER TABLE `users`
  ADD PRIMARY KEY (`id`);

--
-- AUTO_INCREMENT for dumped tables
--

--
-- AUTO_INCREMENT for table `categories`
--
ALTER TABLE `categories`
  MODIFY `id` int(30) NOT NULL AUTO_INCREMENT, AUTO_INCREMENT=11;

--
-- AUTO_INCREMENT for table `orders`
--
ALTER TABLE `orders`
  MODIFY `id` int(11) NOT NULL AUTO_INCREMENT, AUTO_INCREMENT=10;

--
-- AUTO_INCREMENT for table `order_items`
--
ALTER TABLE `order_items`
  MODIFY `id` int(30) NOT NULL AUTO_INCREMENT, AUTO_INCREMENT=19;

--
-- AUTO_INCREMENT for table `products`
--
ALTER TABLE `products`
  MODIFY `id` int(30) NOT NULL AUTO_INCREMENT, AUTO_INCREMENT=14;

--
-- AUTO_INCREMENT for table `system_settings`
--
ALTER TABLE `system_settings`
  MODIFY `id` int(30) NOT NULL AUTO_INCREMENT, AUTO_INCREMENT=2;

--
-- AUTO_INCREMENT for table `users`
--
ALTER TABLE `users`
  MODIFY `id` int(30) NOT NULL AUTO_INCREMENT, AUTO_INCREMENT=5;
--
-- Database: `phpmyadmin`
--
CREATE DATABASE IF NOT EXISTS `phpmyadmin` DEFAULT CHARACTER SET utf8 COLLATE utf8_bin;
USE `phpmyadmin`;

-- --------------------------------------------------------

--
-- Table structure for table `pma__bookmark`
--

CREATE TABLE `pma__bookmark` (
  `id` int(10) UNSIGNED NOT NULL,
  `dbase` varchar(255) NOT NULL DEFAULT '',
  `user` varchar(255) NOT NULL DEFAULT '',
  `label` varchar(255) CHARACTER SET utf8 COLLATE utf8_general_ci NOT NULL DEFAULT '',
  `query` text NOT NULL
) ENGINE=InnoDB DEFAULT CHARSET=utf8 COLLATE=utf8_bin COMMENT='Bookmarks';

-- --------------------------------------------------------

--
-- Table structure for table `pma__central_columns`
--

CREATE TABLE `pma__central_columns` (
  `db_name` varchar(64) NOT NULL,
  `col_name` varchar(64) NOT NULL,
  `col_type` varchar(64) NOT NULL,
  `col_length` text DEFAULT NULL,
  `col_collation` varchar(64) NOT NULL,
  `col_isNull` tinyint(1) NOT NULL,
  `col_extra` varchar(255) DEFAULT '',
  `col_default` text DEFAULT NULL
) ENGINE=InnoDB DEFAULT CHARSET=utf8 COLLATE=utf8_bin COMMENT='Central list of columns';

-- --------------------------------------------------------

--
-- Table structure for table `pma__column_info`
--

CREATE TABLE `pma__column_info` (
  `id` int(5) UNSIGNED NOT NULL,
  `db_name` varchar(64) NOT NULL DEFAULT '',
  `table_name` varchar(64) NOT NULL DEFAULT '',
  `column_name` varchar(64) NOT NULL DEFAULT '',
  `comment` varchar(255) CHARACTER SET utf8 COLLATE utf8_general_ci NOT NULL DEFAULT '',
  `mimetype` varchar(255) CHARACTER SET utf8 COLLATE utf8_general_ci NOT NULL DEFAULT '',
  `transformation` varchar(255) NOT NULL DEFAULT '',
  `transformation_options` varchar(255) NOT NULL DEFAULT '',
  `input_transformation` varchar(255) NOT NULL DEFAULT '',
  `input_transformation_options` varchar(255) NOT NULL DEFAULT ''
) ENGINE=InnoDB DEFAULT CHARSET=utf8 COLLATE=utf8_bin COMMENT='Column information for phpMyAdmin';

-- --------------------------------------------------------

--
-- Table structure for table `pma__designer_settings`
--

CREATE TABLE `pma__designer_settings` (
  `username` varchar(64) NOT NULL,
  `settings_data` text NOT NULL
) ENGINE=InnoDB DEFAULT CHARSET=utf8 COLLATE=utf8_bin COMMENT='Settings related to Designer';

-- --------------------------------------------------------

--
-- Table structure for table `pma__export_templates`
--

CREATE TABLE `pma__export_templates` (
  `id` int(5) UNSIGNED NOT NULL,
  `username` varchar(64) NOT NULL,
  `export_type` varchar(10) NOT NULL,
  `template_name` varchar(64) NOT NULL,
  `template_data` text NOT NULL
) ENGINE=InnoDB DEFAULT CHARSET=utf8 COLLATE=utf8_bin COMMENT='Saved export templates';

-- --------------------------------------------------------

--
-- Table structure for table `pma__favorite`
--

CREATE TABLE `pma__favorite` (
  `username` varchar(64) NOT NULL,
  `tables` text NOT NULL
) ENGINE=InnoDB DEFAULT CHARSET=utf8 COLLATE=utf8_bin COMMENT='Favorite tables';

-- --------------------------------------------------------

--
-- Table structure for table `pma__history`
--

CREATE TABLE `pma__history` (
  `id` bigint(20) UNSIGNED NOT NULL,
  `username` varchar(64) NOT NULL DEFAULT '',
  `db` varchar(64) NOT NULL DEFAULT '',
  `table` varchar(64) NOT NULL DEFAULT '',
  `timevalue` timestamp NOT NULL DEFAULT current_timestamp(),
  `sqlquery` text NOT NULL
) ENGINE=InnoDB DEFAULT CHARSET=utf8 COLLATE=utf8_bin COMMENT='SQL history for phpMyAdmin';

-- --------------------------------------------------------

--
-- Table structure for table `pma__navigationhiding`
--

CREATE TABLE `pma__navigationhiding` (
  `username` varchar(64) NOT NULL,
  `item_name` varchar(64) NOT NULL,
  `item_type` varchar(64) NOT NULL,
  `db_name` varchar(64) NOT NULL,
  `table_name` varchar(64) NOT NULL
) ENGINE=InnoDB DEFAULT CHARSET=utf8 COLLATE=utf8_bin COMMENT='Hidden items of navigation tree';

-- --------------------------------------------------------

--
-- Table structure for table `pma__pdf_pages`
--

CREATE TABLE `pma__pdf_pages` (
  `db_name` varchar(64) NOT NULL DEFAULT '',
  `page_nr` int(10) UNSIGNED NOT NULL,
  `page_descr` varchar(50) CHARACTER SET utf8 COLLATE utf8_general_ci NOT NULL DEFAULT ''
) ENGINE=InnoDB DEFAULT CHARSET=utf8 COLLATE=utf8_bin COMMENT='PDF relation pages for phpMyAdmin';

-- --------------------------------------------------------

--
-- Table structure for table `pma__recent`
--

CREATE TABLE `pma__recent` (
  `username` varchar(64) NOT NULL,
  `tables` text NOT NULL
) ENGINE=InnoDB DEFAULT CHARSET=utf8 COLLATE=utf8_bin COMMENT='Recently accessed tables';

--
-- Dumping data for table `pma__recent`
--

INSERT INTO `pma__recent` (`username`, `tables`) VALUES
('root', '[{\"db\":\"project\",\"table\":\"accounts\"},{\"db\":\"project\",\"table\":\"products\"},{\"db\":\"project\",\"table\":\"orders\"},{\"db\":\"project\",\"table\":\"order-details\"},{\"db\":\"shop\",\"table\":\"products\"},{\"db\":\"ecommerce_db\",\"table\":\"products\"},{\"db\":\"store\",\"table\":\"users\"},{\"db\":\"kruxton\",\"table\":\"users\"}]');

-- --------------------------------------------------------

--
-- Table structure for table `pma__relation`
--

CREATE TABLE `pma__relation` (
  `master_db` varchar(64) NOT NULL DEFAULT '',
  `master_table` varchar(64) NOT NULL DEFAULT '',
  `master_field` varchar(64) NOT NULL DEFAULT '',
  `foreign_db` varchar(64) NOT NULL DEFAULT '',
  `foreign_table` varchar(64) NOT NULL DEFAULT '',
  `foreign_field` varchar(64) NOT NULL DEFAULT ''
) ENGINE=InnoDB DEFAULT CHARSET=utf8 COLLATE=utf8_bin COMMENT='Relation table';

-- --------------------------------------------------------

--
-- Table structure for table `pma__savedsearches`
--

CREATE TABLE `pma__savedsearches` (
  `id` int(5) UNSIGNED NOT NULL,
  `username` varchar(64) NOT NULL DEFAULT '',
  `db_name` varchar(64) NOT NULL DEFAULT '',
  `search_name` varchar(64) NOT NULL DEFAULT '',
  `search_data` text NOT NULL
) ENGINE=InnoDB DEFAULT CHARSET=utf8 COLLATE=utf8_bin COMMENT='Saved searches';

-- --------------------------------------------------------

--
-- Table structure for table `pma__table_coords`
--

CREATE TABLE `pma__table_coords` (
  `db_name` varchar(64) NOT NULL DEFAULT '',
  `table_name` varchar(64) NOT NULL DEFAULT '',
  `pdf_page_number` int(11) NOT NULL DEFAULT 0,
  `x` float UNSIGNED NOT NULL DEFAULT 0,
  `y` float UNSIGNED NOT NULL DEFAULT 0
) ENGINE=InnoDB DEFAULT CHARSET=utf8 COLLATE=utf8_bin COMMENT='Table coordinates for phpMyAdmin PDF output';

-- --------------------------------------------------------

--
-- Table structure for table `pma__table_info`
--

CREATE TABLE `pma__table_info` (
  `db_name` varchar(64) NOT NULL DEFAULT '',
  `table_name` varchar(64) NOT NULL DEFAULT '',
  `display_field` varchar(64) NOT NULL DEFAULT ''
) ENGINE=InnoDB DEFAULT CHARSET=utf8 COLLATE=utf8_bin COMMENT='Table information for phpMyAdmin';

-- --------------------------------------------------------

--
-- Table structure for table `pma__table_uiprefs`
--

CREATE TABLE `pma__table_uiprefs` (
  `username` varchar(64) NOT NULL,
  `db_name` varchar(64) NOT NULL,
  `table_name` varchar(64) NOT NULL,
  `prefs` text NOT NULL,
  `last_update` timestamp NOT NULL DEFAULT current_timestamp() ON UPDATE current_timestamp()
) ENGINE=InnoDB DEFAULT CHARSET=utf8 COLLATE=utf8_bin COMMENT='Tables'' UI preferences';

-- --------------------------------------------------------

--
-- Table structure for table `pma__tracking`
--

CREATE TABLE `pma__tracking` (
  `db_name` varchar(64) NOT NULL,
  `table_name` varchar(64) NOT NULL,
  `version` int(10) UNSIGNED NOT NULL,
  `date_created` datetime NOT NULL,
  `date_updated` datetime NOT NULL,
  `schema_snapshot` text NOT NULL,
  `schema_sql` text DEFAULT NULL,
  `data_sql` longtext DEFAULT NULL,
  `tracking` set('UPDATE','REPLACE','INSERT','DELETE','TRUNCATE','CREATE DATABASE','ALTER DATABASE','DROP DATABASE','CREATE TABLE','ALTER TABLE','RENAME TABLE','DROP TABLE','CREATE INDEX','DROP INDEX','CREATE VIEW','ALTER VIEW','DROP VIEW') DEFAULT NULL,
  `tracking_active` int(1) UNSIGNED NOT NULL DEFAULT 1
) ENGINE=InnoDB DEFAULT CHARSET=utf8 COLLATE=utf8_bin COMMENT='Database changes tracking for phpMyAdmin';

-- --------------------------------------------------------

--
-- Table structure for table `pma__userconfig`
--

CREATE TABLE `pma__userconfig` (
  `username` varchar(64) NOT NULL,
  `timevalue` timestamp NOT NULL DEFAULT current_timestamp() ON UPDATE current_timestamp(),
  `config_data` text NOT NULL
) ENGINE=InnoDB DEFAULT CHARSET=utf8 COLLATE=utf8_bin COMMENT='User preferences storage for phpMyAdmin';

--
-- Dumping data for table `pma__userconfig`
--

INSERT INTO `pma__userconfig` (`username`, `timevalue`, `config_data`) VALUES
('root', '2024-11-03 23:33:09', '{\"Console\\/Mode\":\"collapse\"}');

-- --------------------------------------------------------

--
-- Table structure for table `pma__usergroups`
--

CREATE TABLE `pma__usergroups` (
  `usergroup` varchar(64) NOT NULL,
  `tab` varchar(64) NOT NULL,
  `allowed` enum('Y','N') NOT NULL DEFAULT 'N'
) ENGINE=InnoDB DEFAULT CHARSET=utf8 COLLATE=utf8_bin COMMENT='User groups with configured menu items';

-- --------------------------------------------------------

--
-- Table structure for table `pma__users`
--

CREATE TABLE `pma__users` (
  `username` varchar(64) NOT NULL,
  `usergroup` varchar(64) NOT NULL
) ENGINE=InnoDB DEFAULT CHARSET=utf8 COLLATE=utf8_bin COMMENT='Users and their assignments to user groups';

--
-- Indexes for dumped tables
--

--
-- Indexes for table `pma__bookmark`
--
ALTER TABLE `pma__bookmark`
  ADD PRIMARY KEY (`id`);

--
-- Indexes for table `pma__central_columns`
--
ALTER TABLE `pma__central_columns`
  ADD PRIMARY KEY (`db_name`,`col_name`);

--
-- Indexes for table `pma__column_info`
--
ALTER TABLE `pma__column_info`
  ADD PRIMARY KEY (`id`),
  ADD UNIQUE KEY `db_name` (`db_name`,`table_name`,`column_name`);

--
-- Indexes for table `pma__designer_settings`
--
ALTER TABLE `pma__designer_settings`
  ADD PRIMARY KEY (`username`);

--
-- Indexes for table `pma__export_templates`
--
ALTER TABLE `pma__export_templates`
  ADD PRIMARY KEY (`id`),
  ADD UNIQUE KEY `u_user_type_template` (`username`,`export_type`,`template_name`);

--
-- Indexes for table `pma__favorite`
--
ALTER TABLE `pma__favorite`
  ADD PRIMARY KEY (`username`);

--
-- Indexes for table `pma__history`
--
ALTER TABLE `pma__history`
  ADD PRIMARY KEY (`id`),
  ADD KEY `username` (`username`,`db`,`table`,`timevalue`);

--
-- Indexes for table `pma__navigationhiding`
--
ALTER TABLE `pma__navigationhiding`
  ADD PRIMARY KEY (`username`,`item_name`,`item_type`,`db_name`,`table_name`);

--
-- Indexes for table `pma__pdf_pages`
--
ALTER TABLE `pma__pdf_pages`
  ADD PRIMARY KEY (`page_nr`),
  ADD KEY `db_name` (`db_name`);

--
-- Indexes for table `pma__recent`
--
ALTER TABLE `pma__recent`
  ADD PRIMARY KEY (`username`);

--
-- Indexes for table `pma__relation`
--
ALTER TABLE `pma__relation`
  ADD PRIMARY KEY (`master_db`,`master_table`,`master_field`),
  ADD KEY `foreign_field` (`foreign_db`,`foreign_table`);

--
-- Indexes for table `pma__savedsearches`
--
ALTER TABLE `pma__savedsearches`
  ADD PRIMARY KEY (`id`),
  ADD UNIQUE KEY `u_savedsearches_username_dbname` (`username`,`db_name`,`search_name`);

--
-- Indexes for table `pma__table_coords`
--
ALTER TABLE `pma__table_coords`
  ADD PRIMARY KEY (`db_name`,`table_name`,`pdf_page_number`);

--
-- Indexes for table `pma__table_info`
--
ALTER TABLE `pma__table_info`
  ADD PRIMARY KEY (`db_name`,`table_name`);

--
-- Indexes for table `pma__table_uiprefs`
--
ALTER TABLE `pma__table_uiprefs`
  ADD PRIMARY KEY (`username`,`db_name`,`table_name`);

--
-- Indexes for table `pma__tracking`
--
ALTER TABLE `pma__tracking`
  ADD PRIMARY KEY (`db_name`,`table_name`,`version`);

--
-- Indexes for table `pma__userconfig`
--
ALTER TABLE `pma__userconfig`
  ADD PRIMARY KEY (`username`);

--
-- Indexes for table `pma__usergroups`
--
ALTER TABLE `pma__usergroups`
  ADD PRIMARY KEY (`usergroup`,`tab`,`allowed`);

--
-- Indexes for table `pma__users`
--
ALTER TABLE `pma__users`
  ADD PRIMARY KEY (`username`,`usergroup`);

--
-- AUTO_INCREMENT for dumped tables
--

--
-- AUTO_INCREMENT for table `pma__bookmark`
--
ALTER TABLE `pma__bookmark`
  MODIFY `id` int(10) UNSIGNED NOT NULL AUTO_INCREMENT;

--
-- AUTO_INCREMENT for table `pma__column_info`
--
ALTER TABLE `pma__column_info`
  MODIFY `id` int(5) UNSIGNED NOT NULL AUTO_INCREMENT;

--
-- AUTO_INCREMENT for table `pma__export_templates`
--
ALTER TABLE `pma__export_templates`
  MODIFY `id` int(5) UNSIGNED NOT NULL AUTO_INCREMENT;

--
-- AUTO_INCREMENT for table `pma__history`
--
ALTER TABLE `pma__history`
  MODIFY `id` bigint(20) UNSIGNED NOT NULL AUTO_INCREMENT;

--
-- AUTO_INCREMENT for table `pma__pdf_pages`
--
ALTER TABLE `pma__pdf_pages`
  MODIFY `page_nr` int(10) UNSIGNED NOT NULL AUTO_INCREMENT;

--
-- AUTO_INCREMENT for table `pma__savedsearches`
--
ALTER TABLE `pma__savedsearches`
  MODIFY `id` int(5) UNSIGNED NOT NULL AUTO_INCREMENT;
--
-- Database: `project`
--
CREATE DATABASE IF NOT EXISTS `project` DEFAULT CHARACTER SET utf8mb4 COLLATE utf8mb4_general_ci;
USE `project`;

-- --------------------------------------------------------

--
-- Table structure for table `accounts`
--

CREATE TABLE `accounts` (
  `aid` int(11) NOT NULL,
  `afname` varchar(100) NOT NULL,
  `alname` varchar(100) NOT NULL,
  `phone` char(11) NOT NULL,
  `email` varchar(100) NOT NULL,
  `cnic` char(13) NOT NULL,
  `dob` date NOT NULL,
  `username` varchar(100) NOT NULL,
  `gender` varchar(10) NOT NULL,
  `password` varchar(100) NOT NULL
) ENGINE=InnoDB DEFAULT CHARSET=utf8mb4 COLLATE=utf8mb4_general_ci;

--
-- Dumping data for table `accounts`
--

INSERT INTO `accounts` (`aid`, `afname`, `alname`, `phone`, `email`, `cnic`, `dob`, `username`, `gender`, `password`) VALUES
(5, 'Gieron', 'Diwa', '03150100830', 'otaragieron@gmail.com', '3530231218003', '2023-05-03', 'admin1', 'M', 'admin123');

-- --------------------------------------------------------

--
-- Table structure for table `cart`
--

CREATE TABLE `cart` (
  `aid` int(11) NOT NULL,
  `pid` int(11) NOT NULL,
  `cqty` int(11) NOT NULL
) ENGINE=InnoDB DEFAULT CHARSET=utf8mb4 COLLATE=utf8mb4_general_ci;

-- --------------------------------------------------------

--
-- Table structure for table `order-details`
--

CREATE TABLE `order-details` (
  `oid` int(11) NOT NULL,
  `pid` int(11) NOT NULL,
  `qty` int(11) NOT NULL
) ENGINE=InnoDB DEFAULT CHARSET=utf8mb4 COLLATE=utf8mb4_general_ci;

-- --------------------------------------------------------

--
-- Table structure for table `orders`
--

CREATE TABLE `orders` (
  `oid` int(11) NOT NULL,
  `dateod` date NOT NULL,
  `datedel` date DEFAULT NULL,
  `aid` int(11) NOT NULL,
  `address` varchar(255) NOT NULL,
  `city` varchar(50) NOT NULL,
  `country` varchar(100) NOT NULL,
  `account` char(16) DEFAULT NULL,
  `total` int(11) NOT NULL
) ENGINE=InnoDB DEFAULT CHARSET=utf8mb4 COLLATE=utf8mb4_general_ci;

-- --------------------------------------------------------

--
-- Table structure for table `products`
--

CREATE TABLE `products` (
  `pid` int(11) NOT NULL,
  `pname` varchar(100) NOT NULL,
  `category` varchar(50) NOT NULL,
  `description` varchar(200) NOT NULL,
  `price` int(11) NOT NULL,
  `qtyavail` int(11) NOT NULL,
  `img` varchar(255) NOT NULL,
  `brand` varchar(100) NOT NULL
) ENGINE=InnoDB DEFAULT CHARSET=utf8mb4 COLLATE=utf8mb4_general_ci;

--
-- Dumping data for table `products`
--

INSERT INTO `products` (`pid`, `pname`, `category`, `description`, `price`, `qtyavail`, `img`, `brand`) VALUES
(27, 'Core i5 3570', 'cpu', 'Attention all tech enthusiasts! Upgrade your computer performance with the powerful i5 3570 processor! Built on Intel Ivy Bridge architecture, this quad-core processor boasts a base clock speed of 3.4', 250, 10, 'x14.jpeg', 'Intel'),
(30, 'Razer BlackWidow V4 Pro', 'keyboard', ' Take your gaming experience to the next level with the Razer BlackWidow V4 Pro! This mechanical gaming keyboard features Razer signature green switches, providing tactile feedback and optimized actua', 370, 15, 'x3.jpeg', 'Razor'),
(31, 'Hp Gaming Mouse M160', 'mouse', ' Dominate your opponents with the HP Gaming Mouse M160! This high-performance mouse features six programmable buttons and a high-precision optical sensor, allowing for quick and accurate movements in ', 130, 19, 'x5.jpeg', 'Hp'),
(32, 'Asus  Motherboard B450', 'motherboard', 'Upgrade your rig with the ASUS B450 motherboard! This motherboard features an AM4 socket that supports AMD Ryzen processors, providing you with the power you need for intense gaming and multitasking. ', 230, 12, 'x15.jpeg', 'Asus'),
(33, 'Ryzen 7 3700x ', 'cpu', 'Experience lightning-fast performance with the AMD Ryzen 7 3700X processor! With 8 cores and 16 threads, this processor delivers unrivaled speed and processing power for demanding tasks, including gam', 350, 7, 'x6.jpeg', 'Ryzen'),
(34, 'Nvidia GTX 1660Ti GPU', 'gpu', 'Take your PC experience to the next level with the NVIDIA GeForce GTX 1660 Ti graphics card! This high-performance graphics card features NVIDIA Turing architecture and 6GB of GDDR6 memory, providing ', 160, 5, 'x9.jpeg', 'Nvidia'),
(35, 'HyperX Fury Ram 16GB', 'ram', 'Upgrade your PC performance with HyperX Fury RAM! With speeds of up to 3200MHz and capacities ranging from 8GB to 64GB, HyperX Fury RAM is the perfect choice for anyone looking to improve their PC mul', 75, 3, '71GJY5+c14L._SY450_.jpg', 'HyperX'),
(36, 'Geforce RTX 4080 16GB', 'gpu', 'The NVIDIA GeForce RTX 4080 delivers the ultra performance and features that enthusiast gamers and creators demand. Bring your games and creative projects to life with ray tracing and AI-powered graph', 550, 12, 'lol.jpeg', 'Nvidia'),
(37, 'Asus Rog Strix B550-E', 'motherboard', 'Gamers and PC enthusiasts, elevate your build with the ASUS ROG Strix B550-E Gaming motherboard! Designed with performance in mind, this high-end motherboard features the latest PCIe 4.0 technology, a', 380, 3, 'rog.jpeg', 'Asus'),
(38, 'MageGee Mechanical Gaming Keyboard', 'keyboard', 'Upgrade your gaming setup with the MageGee Mechanical Gaming Keyboard. Built with high-quality and durable materials, this keyboard features mechanical switches that provide a tactile and satisfying t', 270, 6, 'no.jpeg', 'MageGee'),
(39, 'Intel Core i9-10900K 3.7 GHz ', 'cpu', 'Experience the ultimate performance with the Intel Core i9-10900K 3.7 GHz processor. With 10 cores and 20 threads, this high-end processor delivers blazing-fast speeds and unparalleled multitasking ca', 470, 15, 'i.jpeg', 'Intel'),
(40, 'Redragon Gaming Mouse', 'mouse', ' Take your gaming to the next level with the RedDragon gaming mouse. This high-performance gaming mouse features an ergonomic design with customizable RGB lighting, making it not only comfortable to u', 140, 5, 'red.jpeg', 'Redragon'),
(41, 'Razer Cynosa V2 RGB Gaming Keyboard ', 'keyboard', ' The Razer Cynosa V2 RGB Gaming Keyboard is a must-have accessory for any avid gamer looking to take their gaming experience to the next level. With its fully customizable RGB lighting, you can create', 160, 8, 'r.jpeg', 'Razor'),
(42, 'Glorious Model O Gaming Mouse', 'mouse', 'The Glorious Model O is a gaming mouse that is built to deliver superior performance, accuracy, and speed to gamers of all levels. With its sleek and ergonomic design, this mouse is designed to fit co', 140, 8, 'g.jpeg', 'Glorious'),
(43, 'Geforce RTX 3080 12GB Zotac', 'gpu', 'The GeForce RTX 3080 12GB Zotac is a high-performance graphics card designed for gamers and professionals who require the best in graphical processing power. This graphics card is powered by the NVIDI', 370, 4, 'Rtx.jpeg', 'Nvidia');

-- --------------------------------------------------------

--
-- Table structure for table `reviews`
--

CREATE TABLE `reviews` (
  `oid` int(11) NOT NULL,
  `pid` int(11) NOT NULL,
  `rtext` varchar(1000) DEFAULT NULL,
  `rating` int(11) NOT NULL
) ENGINE=InnoDB DEFAULT CHARSET=utf8mb4 COLLATE=utf8mb4_general_ci;

-- --------------------------------------------------------

--
-- Table structure for table `wishlist`
--

CREATE TABLE `wishlist` (
  `aid` int(11) NOT NULL,
  `pid` int(11) NOT NULL
) ENGINE=InnoDB DEFAULT CHARSET=utf8mb4 COLLATE=utf8mb4_general_ci;

--
-- Indexes for dumped tables
--

--
-- Indexes for table `accounts`
--
ALTER TABLE `accounts`
  ADD PRIMARY KEY (`aid`),
  ADD UNIQUE KEY `cnic` (`cnic`),
  ADD UNIQUE KEY `email` (`email`),
  ADD UNIQUE KEY `phone` (`phone`),
  ADD UNIQUE KEY `username` (`username`);

--
-- Indexes for table `cart`
--
ALTER TABLE `cart`
  ADD PRIMARY KEY (`aid`,`pid`),
  ADD KEY `cartfk2` (`pid`);

--
-- Indexes for table `order-details`
--
ALTER TABLE `order-details`
  ADD PRIMARY KEY (`oid`,`pid`),
  ADD KEY `orderdtfk2` (`pid`);

--
-- Indexes for table `orders`
--
ALTER TABLE `orders`
  ADD PRIMARY KEY (`oid`),
  ADD KEY `ordersfk` (`aid`);

--
-- Indexes for table `products`
--
ALTER TABLE `products`
  ADD PRIMARY KEY (`pid`);

--
-- Indexes for table `reviews`
--
ALTER TABLE `reviews`
  ADD PRIMARY KEY (`oid`,`pid`),
  ADD KEY `reviewsfk2` (`pid`);

--
-- Indexes for table `wishlist`
--
ALTER TABLE `wishlist`
  ADD PRIMARY KEY (`aid`,`pid`),
  ADD KEY `wishlistfk2` (`pid`);

--
-- AUTO_INCREMENT for dumped tables
--

--
-- AUTO_INCREMENT for table `accounts`
--
ALTER TABLE `accounts`
  MODIFY `aid` int(11) NOT NULL AUTO_INCREMENT, AUTO_INCREMENT=21;

--
-- AUTO_INCREMENT for table `orders`
--
ALTER TABLE `orders`
  MODIFY `oid` int(11) NOT NULL AUTO_INCREMENT, AUTO_INCREMENT=20;

--
-- AUTO_INCREMENT for table `products`
--
ALTER TABLE `products`
  MODIFY `pid` int(11) NOT NULL AUTO_INCREMENT, AUTO_INCREMENT=44;

--
-- Constraints for dumped tables
--

--
-- Constraints for table `cart`
--
ALTER TABLE `cart`
  ADD CONSTRAINT `cartfk1` FOREIGN KEY (`aid`) REFERENCES `accounts` (`aid`) ON DELETE CASCADE ON UPDATE CASCADE,
  ADD CONSTRAINT `cartfk2` FOREIGN KEY (`pid`) REFERENCES `products` (`pid`) ON DELETE CASCADE ON UPDATE CASCADE;

--
-- Constraints for table `order-details`
--
ALTER TABLE `order-details`
  ADD CONSTRAINT `orderdtfk1` FOREIGN KEY (`oid`) REFERENCES `orders` (`oid`) ON DELETE CASCADE ON UPDATE CASCADE,
  ADD CONSTRAINT `orderdtfk2` FOREIGN KEY (`pid`) REFERENCES `products` (`pid`) ON DELETE CASCADE ON UPDATE CASCADE;

--
-- Constraints for table `orders`
--
ALTER TABLE `orders`
  ADD CONSTRAINT `ordersfk` FOREIGN KEY (`aid`) REFERENCES `accounts` (`aid`) ON DELETE CASCADE ON UPDATE CASCADE;

--
-- Constraints for table `reviews`
--
ALTER TABLE `reviews`
  ADD CONSTRAINT `reviewsfk1` FOREIGN KEY (`oid`) REFERENCES `orders` (`oid`) ON DELETE CASCADE ON UPDATE CASCADE,
  ADD CONSTRAINT `reviewsfk2` FOREIGN KEY (`pid`) REFERENCES `products` (`pid`) ON DELETE CASCADE ON UPDATE CASCADE;

--
-- Constraints for table `wishlist`
--
ALTER TABLE `wishlist`
  ADD CONSTRAINT `wishlistfk1` FOREIGN KEY (`aid`) REFERENCES `accounts` (`aid`) ON DELETE CASCADE ON UPDATE CASCADE,
  ADD CONSTRAINT `wishlistfk2` FOREIGN KEY (`pid`) REFERENCES `products` (`pid`) ON DELETE CASCADE ON UPDATE CASCADE;
--
-- Database: `store`
--
CREATE DATABASE IF NOT EXISTS `store` DEFAULT CHARACTER SET utf8mb4 COLLATE utf8mb4_general_ci;
USE `store`;

-- --------------------------------------------------------

--
-- Table structure for table `brands`
--

CREATE TABLE `brands` (
  `brand_id` int(11) NOT NULL,
  `brand_name` varchar(255) NOT NULL,
  `brand_active` int(11) NOT NULL DEFAULT 0,
  `brand_status` int(11) NOT NULL DEFAULT 0
) ENGINE=InnoDB DEFAULT CHARSET=latin1 COLLATE=latin1_swedish_ci;

--
-- Dumping data for table `brands`
--

INSERT INTO `brands` (`brand_id`, `brand_name`, `brand_active`, `brand_status`) VALUES
(1, 'Asus', 1, 1);

-- --------------------------------------------------------

--
-- Table structure for table `categories`
--

CREATE TABLE `categories` (
  `categories_id` int(11) NOT NULL,
  `categories_name` varchar(255) NOT NULL,
  `categories_active` int(11) NOT NULL DEFAULT 0,
  `categories_status` int(11) NOT NULL DEFAULT 0
) ENGINE=InnoDB DEFAULT CHARSET=latin1 COLLATE=latin1_swedish_ci;

--
-- Dumping data for table `categories`
--

INSERT INTO `categories` (`categories_id`, `categories_name`, `categories_active`, `categories_status`) VALUES
(1, 'Monitor', 1, 1);

-- --------------------------------------------------------

--
-- Table structure for table `orders`
--

CREATE TABLE `orders` (
  `order_id` int(11) NOT NULL,
  `order_date` date NOT NULL,
  `client_name` varchar(255) NOT NULL,
  `client_contact` varchar(255) NOT NULL,
  `sub_total` varchar(255) NOT NULL,
  `vat` varchar(255) NOT NULL,
  `total_amount` varchar(255) NOT NULL,
  `discount` varchar(255) NOT NULL,
  `grand_total` varchar(255) NOT NULL,
  `paid` varchar(255) NOT NULL,
  `due` varchar(255) NOT NULL,
  `payment_type` int(11) NOT NULL,
  `payment_status` int(11) NOT NULL,
  `payment_place` int(11) NOT NULL,
  `gstn` varchar(255) NOT NULL,
  `order_status` int(11) NOT NULL DEFAULT 0,
  `user_id` int(11) NOT NULL
) ENGINE=InnoDB DEFAULT CHARSET=latin1 COLLATE=latin1_swedish_ci;

--
-- Dumping data for table `orders`
--

INSERT INTO `orders` (`order_id`, `order_date`, `client_name`, `client_contact`, `sub_total`, `vat`, `total_amount`, `discount`, `grand_total`, `paid`, `due`, `payment_type`, `payment_status`, `payment_place`, `gstn`, `order_status`, `user_id`) VALUES
(1, '2023-08-31', 'ad', '05050505', '5000.00', '900.00', '5900.00', '0', '5900.00', '0', '5900.00', 2, 1, 2, '900.00', 2, 1);

-- --------------------------------------------------------

--
-- Table structure for table `order_item`
--

CREATE TABLE `order_item` (
  `order_item_id` int(11) NOT NULL,
  `order_id` int(11) NOT NULL DEFAULT 0,
  `product_id` int(11) NOT NULL DEFAULT 0,
  `quantity` varchar(255) NOT NULL,
  `rate` varchar(255) NOT NULL,
  `total` varchar(255) NOT NULL,
  `order_item_status` int(11) NOT NULL DEFAULT 0
) ENGINE=InnoDB DEFAULT CHARSET=latin1 COLLATE=latin1_swedish_ci;

--
-- Dumping data for table `order_item`
--

INSERT INTO `order_item` (`order_item_id`, `order_id`, `product_id`, `quantity`, `rate`, `total`, `order_item_status`) VALUES
(1, 1, 1, '1', '5000', '5000.00', 2),
(2, 0, 2, '1', '5', '5.00', 1),
(3, 0, 2, '1', '5', '5.00', 1),
(4, 0, 2, '1', '5', '5.00', 1),
(5, 0, 2, '1', '5', '5.00', 1),
(6, 0, 2, '1', '5', '5.00', 1),
(7, 0, 2, '1', '5', '5.00', 1),
(8, 0, 2, '1', '5', '5.00', 1),
(9, 0, 2, '1', '5', '5.00', 1),
(10, 0, 2, '1', '5', '5.00', 1);

-- --------------------------------------------------------

--
-- Table structure for table `product`
--

CREATE TABLE `product` (
  `product_id` int(11) NOT NULL,
  `product_name` varchar(255) NOT NULL,
  `product_image` text NOT NULL,
  `brand_id` int(11) NOT NULL,
  `categories_id` int(11) NOT NULL,
  `quantity` varchar(255) NOT NULL,
  `rate` varchar(255) NOT NULL,
  `active` int(11) NOT NULL DEFAULT 0,
  `status` int(11) NOT NULL DEFAULT 0
) ENGINE=InnoDB DEFAULT CHARSET=latin1 COLLATE=latin1_swedish_ci;

--
-- Dumping data for table `product`
--

INSERT INTO `product` (`product_id`, `product_name`, `product_image`, `brand_id`, `categories_id`, `quantity`, `rate`, `active`, `status`) VALUES
(1, 'Asus Monitor', '../assests/images/stock/139826342564f0af8fb6da7.png', 1, 1, '0', '5000', 1, 1),
(2, 'adsd', '../assests/images/stock/55714056164f0b06e78519.jpg', 1, 1, '-8', '5', 1, 1);

-- --------------------------------------------------------

--
-- Table structure for table `users`
--

CREATE TABLE `users` (
  `user_id` int(11) NOT NULL,
  `username` varchar(255) NOT NULL,
  `password` varchar(255) NOT NULL,
  `email` varchar(255) NOT NULL
) ENGINE=InnoDB DEFAULT CHARSET=latin1 COLLATE=latin1_swedish_ci;

--
-- Dumping data for table `users`
--

INSERT INTO `users` (`user_id`, `username`, `password`, `email`) VALUES
(1, 'admin', '21232f297a57a5a743894a0e4a801fc3', '');

--
-- Indexes for dumped tables
--

--
-- Indexes for table `brands`
--
ALTER TABLE `brands`
  ADD PRIMARY KEY (`brand_id`);

--
-- Indexes for table `categories`
--
ALTER TABLE `categories`
  ADD PRIMARY KEY (`categories_id`);

--
-- Indexes for table `orders`
--
ALTER TABLE `orders`
  ADD PRIMARY KEY (`order_id`);

--
-- Indexes for table `order_item`
--
ALTER TABLE `order_item`
  ADD PRIMARY KEY (`order_item_id`);

--
-- Indexes for table `product`
--
ALTER TABLE `product`
  ADD PRIMARY KEY (`product_id`);

--
-- Indexes for table `users`
--
ALTER TABLE `users`
  ADD PRIMARY KEY (`user_id`);

--
-- AUTO_INCREMENT for dumped tables
--

--
-- AUTO_INCREMENT for table `brands`
--
ALTER TABLE `brands`
  MODIFY `brand_id` int(11) NOT NULL AUTO_INCREMENT, AUTO_INCREMENT=2;

--
-- AUTO_INCREMENT for table `categories`
--
ALTER TABLE `categories`
  MODIFY `categories_id` int(11) NOT NULL AUTO_INCREMENT, AUTO_INCREMENT=2;

--
-- AUTO_INCREMENT for table `orders`
--
ALTER TABLE `orders`
  MODIFY `order_id` int(11) NOT NULL AUTO_INCREMENT, AUTO_INCREMENT=2;

--
-- AUTO_INCREMENT for table `order_item`
--
ALTER TABLE `order_item`
  MODIFY `order_item_id` int(11) NOT NULL AUTO_INCREMENT, AUTO_INCREMENT=11;

--
-- AUTO_INCREMENT for table `product`
--
ALTER TABLE `product`
  MODIFY `product_id` int(11) NOT NULL AUTO_INCREMENT, AUTO_INCREMENT=3;

--
-- AUTO_INCREMENT for table `users`
--
ALTER TABLE `users`
  MODIFY `user_id` int(11) NOT NULL AUTO_INCREMENT, AUTO_INCREMENT=11;
--
-- Database: `test`
--
CREATE DATABASE IF NOT EXISTS `test` DEFAULT CHARACTER SET latin1 COLLATE latin1_swedish_ci;
USE `test`;
COMMIT;

/*!40101 SET CHARACTER_SET_CLIENT=@OLD_CHARACTER_SET_CLIENT */;
/*!40101 SET CHARACTER_SET_RESULTS=@OLD_CHARACTER_SET_RESULTS */;
/*!40101 SET COLLATION_CONNECTION=@OLD_COLLATION_CONNECTION */;
